Darryl,Jefferson
Chad,Jones
Karen,Ward
William,Washington
Jason,Mitchell
Eric,Savage
Andrea,Henry
Jesse,Lara
Robin,Calderon
Christopher,Reyes
Alexandria,Camacho
Patty,Lynn
Lauren,Brown
Benjamin,Blake
Kirsten,Barnes
Stacey,Perez
Oscar,Young
Jasmine,Wright
John,Blanchard
Judy,Gilbert
Brandon,Nichols
Richard,Lee
Lisa,Lawson
Emily,Hall
Amber,Williams
Charles,Mccoy
Veronica,Shaw
Megan,King
Christopher,West
Alexis,Hughes
Jessica,Miller
Keith,Clark
Amber,Brooks
Cameron,Thomas
Sandra,Harvey
Carol,Black
Jose,Griffin
Carlos,Johnson
Sean,Beck
Todd,Chandler
Edward,Davis
Jennifer,Walker
Jonathon,Stewart
Candace,Johnson
Elizabeth,Foster
Joel,Adams
Keith,Jefferson
Madeline,Jarvis
Kristina,Rose
Robert,Taylor
Arthur,Cole
Richard,Fowler
Christian,Clark
Edward,Morrison
Sarah,Fletcher
Raymond,Rodriguez
Timothy,Meyer
Mark,Clayton
Benjamin,Anthony
Dylan,Hooper
Shari,Martin
Joseph,Cross
Lori,Watkins
Crystal,Castillo
Brooke,Davis
Stephanie,Sanders
Steven,Reilly
Rebecca,Hines
Katherine,Paul
Jason,Flores
Christina,Gray
Eric,Rich
Joseph,Davis
Christopher,Wong
Christian,Bryant
Brandon,Munoz
Amber,Taylor
Sheila,Hoover
Rebecca,Bush
Timothy,Gonzalez
Patricia,Meyers
Ashley,West
Ricky,Martin
Joseph,Medina
Mary,Long
Danielle,Jones
Joanna,Jordan
Wanda,Watts
Jerry,Richardson
Tiffany,Kramer
Tony,Fowler
Bianca,Bruce
Rhonda,Johnson
Erin,Johnson
Philip,Curtis
James,Parrish
Kathryn,Warren
Katherine,Rogers
Kayla,Carter
Matthew,Casey
Lisa,Taylor
Samuel,Young
Elizabeth,Hudson
Courtney,Ferguson
Patrick,Martin
Debra,Leonard
Paul,Lewis
Julie,Griffith
Tricia,Wagner
Jennifer,Boyle
Brian,Chen
Jamie,Thomas
Frank,Diaz
Carlos,Lee
Dwayne,Barr
Shawn,Gross
Jackie,Wiley
Melissa,Jackson
James,Burch
Kevin,Avery
Jesse,Cooper
Linda,Williams
Kimberly,Baldwin
Michelle,Chen
Douglas,Sullivan
Laura,Figueroa
Rodney,Allen
Jill,Yang
Dorothy,Guzman
James,Shelton
Christopher,Garcia
Debra,Chavez
Shawn,Rodriguez
Robin,Nelson
Timothy,Dixon
Benjamin,Ibarra
Danny,Price
Jennifer,Mitchell
Taylor,Padilla
Jason,Johnson
Kevin,Sanders
Nathaniel,Atkinson
Kathryn,Morales
Wesley,Barrett
Denise,Hernandez
Vanessa,Clark
Allison,Simmons
Maria,Robertson
Patrick,Mcdonald
Jimmy,Ayala
David,Rogers
Linda,Chen
Brianna,Jackson
Ruth,Hill
Emily,Jefferson
Lori,Padilla
Brian,Briggs
Michelle,Sanders
Cynthia,Sanchez
Herbert,Taylor
Gerald,Mueller
Chad,Gillespie
John,Conley
Matthew,Ortiz
David,Morgan
Rebecca,Beck
Jonathan,Rocha
Sarah,Lewis
Jill,Young
Jessica,Ramirez
Tasha,Patel
Amy,Kelly
Aaron,Lewis
Jane,Smith
Angelica,Washington
Johnny,Rivera
Matthew,Dunn
Sue,Griffin
Nicholas,Williams
Kim,Hines
Anthony,Jones
Rachel,Lewis
Heather,Carter
Elaine,Edwards
Nicole,Hood
Daniel,Conner
Dustin,Leon
Grant,Parker
Michael,Brown
Casey,Daugherty
Robert,Wilson
Jeffrey,Holland
Gregory,Cole
Kirk,Taylor
Tracy,Yates
Luis,White
Ryan,Hernandez
Amanda,Reilly
Joseph,Thompson
Debbie,Bell
Heather,Wagner
Randy,Torres
Teresa,Perkins
Joshua,Watson
Elizabeth,Bonilla
Jennifer,Walker
Yolanda,Guzman
Breanna,Young
Scott,Braun
Alice,Livingston
Ashley,Sanchez
Susan,Young
Courtney,Lewis
Samuel,Turner
Colleen,Ball
Jason,Mckee
Anthony,Hernandez
Lee,Wilson
Cynthia,Gonzalez
Fernando,Pearson
Kristen,Barrett
Jeffery,George
Jeffrey,Church
David,Martin
Dominic,Lopez
James,Garcia
Brian,Lewis
Amber,Johnson
Norman,Becker
Martin,Jimenez
Jill,Hill
Kelsey,Merritt
Lynn,West
Taylor,Price
Matthew,Compton
Brandon,Turner
Robert,Morris
Jamie,Baker
Tracy,Nguyen
Mitchell,Crane
Cynthia,Schaefer
Christopher,Fox
Kimberly,Cooper
Donald,Meyer
Sarah,Hunter
Rachel,Rowe
Lisa,Hernandez
Mark,Travis
Adam,Santos
Austin,Taylor
Kristie,Watson
Catherine,Morgan
Christopher,Smith
Pamela,Frederick
Penny,Harris
Robert,Acosta
Jessica,Montgomery
Jessica,Nichols
Cassandra,Fletcher
Chelsea,Wiley
Kelly,Castro
Eric,Vaughn
Levi,Ward
Benjamin,Jordan
Jessica,Castro
Cynthia,Taylor
Aimee,Chan
Lori,Smith
Janice,Campos
Kylie,Griffith
David,Rose
Thomas,Schroeder
John,Nelson
Bryan,Schultz
Michael,Hill
Michelle,Hale
Kerry,Young
Nicholas,Warren
Alex,Floyd
Billy,Murphy
Steven,Strickland
Brian,Hayes
Nancy,Rowe
Alejandro,Silva
Sarah,Cabrera
Steven,Shepherd
Brent,Butler
Jeff,Vasquez
Michael,Duncan
Roy,Rollins
Mark,Wood
Bonnie,Bishop
Amy,Bailey
Tiffany,Peterson
Grant,Hunt
Erika,Lopez
Wesley,Navarro
Ashley,Arnold
Dustin,Stewart
Barbara,Hernandez
Daniel,Caldwell
Juan,Mitchell
Christopher,Bowers
Jacqueline,Ramirez
Jennifer,Walker
Danielle,Bennett
Kevin,Davis
Eric,Mitchell
David,Smith
David,Morse
James,Cummings
Kelsey,Blair
Paul,Munoz
Amanda,Gillespie
Tyler,Martinez
Ethan,Martin
Bethany,Mahoney
James,Norris
Samantha,Fitzgerald
Michael,Collier
Eric,Tanner
George,Smith
Kathryn,Munoz
Cheryl,Johnson
Sarah,Bates
Patrick,Wallace
Shane,Johnson
Jennifer,Mayer
Danielle,Rivera
Carl,Henry
George,Hill
William,Hart
Matthew,Livingston
Christian,Phillips
Dustin,Roy
Cassandra,Matthews
Cheryl,Brown
David,Frazier
Jennifer,Morrison
Jacob,Lopez
Dawn,Sanchez
Vanessa,Williams
Connie,Hunter
Michael,Jones
Elizabeth,Davis
Michael,Hall
Bridget,Lee
Nicholas,Cabrera
Gary,Bishop
Robert,Baker
Elizabeth,Pitts
James,Walton
Michael,Bennett
Thomas,Green
Kenneth,Poole
Cynthia,Berry
Kurt,Bailey
Erin,Martinez
Christopher,King
Kevin,Deleon
Richard,Macdonald
George,Peterson
Daniel,Ross
Samantha,Cole
Joy,Patterson
Julia,Avila
Jennifer,Wall
Dorothy,Foster
Austin,Steele
Austin,White
Tracy,Diaz
Jennifer,Everett
Deborah,Mitchell
Chase,Cox
Angela,Brown
Paul,Arroyo
Sandra,Drake
Leslie,Fisher
Brian,Holmes
Deborah,Jones
William,Johnson
Donna,Jenkins
Jonathan,Moore
Matthew,Sanchez
Stephanie,Chambers
Benjamin,Garner
Patricia,Lindsey
Steven,Graves
Ruth,Long
Suzanne,Weaver
Madison,Delgado
Shannon,Perry
Kristy,Sandoval
Joy,Wilson
Derek,Quinn
Henry,Hernandez
Melissa,Clark
Tammy,Elliott
Christopher,Henderson
Daniel,Smith
Anna,Morrison
Wendy,Nguyen
Justin,Mendoza
Derek,Smith
Sean,Watson
Lynn,Sharp
Shirley,White
Caitlin,Salazar
Brittany,Lewis
Jessica,Miller
Becky,Evans
Danielle,Castaneda
Laura,Buckley
Alex,Hicks
Jessica,Carter
Linda,Cook
Lauren,Berry
Stephanie,Garcia
Brittany,Porter
Julie,Shannon
Deborah,Gonzalez
Craig,Martinez
Lucas,Thomas
Cynthia,Arnold
Annette,Thompson
Theresa,Jones
Lisa,Moses
Robert,Thompson
Tyler,Rogers
Nicole,Daniels
Todd,Parker
Julie,Walker
Shelby,Hill
Jennifer,Fernandez
Heather,James
James,Gilbert
Marissa,Velazquez
Jennifer,Jones
Brent,Ayala
Michelle,Gray
Jason,Neal
Randall,Cochran
Charles,White
Christian,Robinson
Michael,Rivera
Craig,Snyder
Ronald,Harrison
Stacey,Winters
Kathy,Lutz
Kaylee,Zimmerman
David,Bass
Dana,Hall
Cynthia,Mills
Briana,Wood
Larry,Reynolds
Cassandra,Young
Sarah,Steele
Matthew,Walters
Karen,Foster
Heather,Johnson
James,Little
Jenny,Williams
Timothy,Navarro
Jessica,Cruz
Angela,Cook
Bethany,Vargas
Carol,Stark
Richard,Peterson
Thomas,Griffith
Crystal,Roberson
Jacqueline,Torres
Tammy,Simmons
Rebecca,Henderson
Angela,Johnston
Ashley,Garza
Julie,Giles
Katie,Johnson
Thomas,Sweeney
Alexis,Solis
Rachel,Walker
Daniel,Cochran
Brooke,Sanders
Theresa,Arnold
Matthew,Maldonado
Noah,Hall
Douglas,Taylor
Diana,Kelly
Gail,Ayala
Kaitlyn,Lyons
Sara,Freeman
Amy,Johnson
Diana,Hart
Leah,Morrow
Michelle,Young
Andrea,Fernandez
Jody,Navarro
Gina,House
Katie,Williamson
Alexis,Shaw
Melissa,Roberts
David,Aguilar
Tina,Becker
Joseph,Miller
Christina,Weaver
Ricky,Padilla
Ronald,Elliott
Alexis,Hopkins
Scott,Ellis
Chelsea,Bass
Rhonda,Morris
Ann,Ibarra
Anthony,Chapman
Amber,Payne
Jasmine,Thompson
Briana,Thompson
Steven,Russell
Sandra,Yu
Whitney,Humphrey
Erik,Campbell
Gilbert,Davis
Sean,Cox
Becky,Castillo
Damon,Smith
Amanda,Nelson
Benjamin,Decker
Melissa,Terry
Brooke,Garcia
James,Carrillo
Robin,Cabrera
Andrew,Davidson
Heather,Riley
Nicholas,Ortega
Olivia,Jackson
Jeffrey,Lewis
Michael,Jones
Joshua,Christian
Matthew,Sanchez
Alexandria,Zimmerman
Harold,Gill
Mark,Wood
Christopher,Smith
Jeanette,Garner
Cheyenne,Watson
Rachel,Mcdowell
Brian,Peterson
Stacy,Bradford
Eric,Herrera
Ronald,Tyler
Joseph,Perry
Martin,Harper
Jeremy,Morrow
Travis,Sawyer
Todd,Morales
Lauren,Watts
Wesley,James
Eric,Cooke
Mary,Harrell
Nancy,Owens
Cory,Buchanan
Margaret,Phillips
Aaron,Mckee
Tina,Doyle
Jeremy,Gonzales
Brandon,Archer
Jasmine,Johnson
Samantha,Smith
Krista,Sellers
Alex,Hall
Abigail,Brown
Michele,Marshall
Carrie,Simon
Jeffrey,Martin
Charles,Spencer
Sean,Rowe
Chad,Little
Sarah,Martinez
Tracey,Mcgee
Claire,Meyer
Michael,Vance
Lisa,Garcia
Robert,Harris
Christopher,Thornton
Shane,Hernandez
Aaron,Carr
Nicholas,Nolan
Jessica,Myers
Franklin,Schneider
Ashley,Huff
Brian,Holland
Jeffery,Kemp
Paul,Munoz
Barbara,Clark
James,Hendricks
Brian,Bradley
Eric,Lane
Erin,Lewis
Larry,Flores
Sean,Perkins
Timothy,Hernandez
Marcus,Blair
Tony,Blankenship
Michael,Raymond
April,Williams
Maria,Wilson
David,Arias
Natalie,Anderson
Elizabeth,Burns
Eddie,Duarte
Kyle,Sanchez
Jeffery,Ford
Brenda,Fernandez
Alicia,Tucker
Rebecca,Price
Tina,Ellis
Edward,Beasley
Shawna,Hall
Evelyn,Wilson
Kari,Maldonado
David,Diaz
Jillian,White
Jay,King
Janet,Raymond
Jesse,Howell
Brian,Johnson
Victoria,Burke
Catherine,Jackson
Evan,Sanchez
Mary,Johnson
Kristen,Phillips
Jeffrey,Chapman
Larry,Kirk
Sarah,Ayala
Raven,Alvarado
Joseph,Larson
Carla,Braun
Brooke,Robinson
Philip,Campbell
Melissa,Grimes
Ethan,Brown
Bethany,Schneider
Kari,Anderson
Robert,Moreno
Amanda,Werner
Jeff,Marks
Casey,Schultz
Justin,Clarke
Lindsay,Evans
Darren,Perez
Scott,Ferguson
Evan,Hunt
Christina,Jensen
Susan,Robinson
Jessica,Rivera
Anna,Strickland
Eric,Davis
Justin,Suarez
Jacob,Barnett
Andrew,Ferguson
Jocelyn,Everett
Maria,Khan
Cynthia,Myers
Cynthia,Hughes
Christopher,Jenkins
Anthony,Reeves
Mary,Mccullough
Ryan,Palmer
Craig,Smith
Austin,Norris
Jessica,Marshall
James,West
Kirsten,Hernandez
Erin,Perez
Anna,Pennington
James,Summers
Bethany,Terry
Susan,Myers
Rachel,Mcgee
Jordan,Miller
Sharon,Cochran
Matthew,Mcdaniel
Alejandro,Mason
Charles,Brown
Andrew,Mitchell
Allen,Johnson
Nathaniel,Levy
Samuel,Wagner
Cole,Martin
Luke,Andrews
Benjamin,Rodgers
Randall,Stein
Kevin,Brown
Pamela,Simmons
Mary,Wade
Kelly,Green
Shawna,Gardner
Darryl,Smith
Erin,Smith
Mary,Little
Jeffrey,Hill
Charles,Fuller
Deborah,Ward
Thomas,Dunn
Selena,Ellis
Amanda,Ellis
Ryan,Chavez
Alexandria,Martinez
Jennifer,Reid
Michael,Wilson
Pamela,Rivera
Charlene,Thompson
Carlos,Simon
Heidi,Herrera
Jeffrey,Jones
Erin,Garza
Lance,Owens
Lisa,Scott
Wanda,Meyer
Carlos,Meadows
Abigail,Green
Leslie,Stevenson
Taylor,Oneal
James,Mitchell
Christopher,Wilkerson
James,Ponce
Marilyn,Washington
Jonathan,Li
Robert,Schwartz
Michael,Mullen
Norman,Campbell
Pam,Gonzalez
Mitchell,Avila
Jason,Sandoval
Tiffany,Cunningham
Larry,Sanford
Christopher,Henderson
Mary,Jenkins
Nancy,Webb
Daniel,Stewart
Andrew,Mcintyre
Kelly,Hays
Christina,Mccoy
Daniel,Ortiz
Michael,Edwards
Michael,Anderson
Franklin,Smith
Jill,Lewis
Ricky,Garcia
Taylor,Romero
Michael,Owen
Amy,Aguilar
Andrew,Martinez
William,Peterson
Terry,Mitchell
Melissa,Cole
Michelle,Carter
Nicole,Howard
Kenneth,Sutton
Anthony,King
Alexis,Johnson
Teresa,Adams
Lisa,Jenkins
Lisa,Phelps
Eric,Mcclure
Ryan,Camacho
Bradley,Little
Kevin,Mcguire
Christopher,Marshall
John,Harvey
Stephanie,Hogan
Joshua,Thomas
Carla,Odonnell
Sara,Pierce
Stephanie,Williams
Sandra,Wilson
Joshua,Thompson
Donald,Huerta
Gregory,Smith
Daniel,Kelly
Bryan,Meyer
Gary,Gill
Rhonda,Knapp
Tammy,Kirby
Brandon,Green
William,West
Christine,Munoz
Duane,Warren
Ana,Frank
Jonathan,Craig
Valerie,Andrews
Connie,Hammond
Robin,Cole
Michelle,Adkins
Teresa,Hill
Douglas,Rogers
Jeanne,Hill
Jared,Austin
Michaela,James
Nicholas,Gomez
Corey,Martin
Tyler,Morton
Karen,Hill
Michelle,Smith
Chris,Marquez
Thomas,Perry
Courtney,May
Lawrence,Fowler
Denise,Stokes
Christopher,Kim
Jonathan,Mccann
Sherri,Butler
Breanna,Page
Danielle,Floyd
Steven,Marshall
Kimberly,Romero
Judith,Brown
Scott,Hogan
Dawn,Le
Crystal,Parsons
John,Davis
Kyle,Kennedy
Steven,Bentley
Erik,Benitez
Anthony,Kramer
Shirley,Hess
Gary,Beasley
Adam,Ruiz
Lisa,Kelly
Victoria,Carpenter
Denise,Gonzalez
Mary,Austin
Christopher,Knight
Seth,Tyler
Jason,Marquez
Denise,Lewis
Maria,Lee
Terri,Stafford
Emily,Hays
Brandon,Gomez
Sylvia,Smith
Jennifer,Garcia
Kristin,Snyder
Clinton,Stewart
Andrea,Davis
Peter,Elliott
Larry,Hernandez
Eduardo,Campbell
Breanna,Bailey
Jerry,Black
Craig,Johnson
Stephen,Diaz
Kimberly,Abbott
John,King
Amanda,Joseph
Eric,Clark
Kristin,Myers
Christina,Lewis
William,Ray
Stephen,Owens
Michael,Chambers
Heather,Lopez
Johnny,Harper
Alexis,Park
Dylan,Roberts
Anthony,Brown
Rachel,Robinson
Jerry,Johnson
Lauren,Parker
Lisa,Foster
Yvonne,Lewis
Patricia,Jones
Jacqueline,Payne
Billy,Lopez
William,Wolf
Matthew,Hudson
Nicholas,Brown
Nicholas,Wu
David,Wilson
Theodore,Owen
Cynthia,Garcia
Michael,Pacheco
Matthew,Walker
Robert,Howard
Robert,Lewis
Sarah,Thomas
Marissa,Mcguire
Bradley,Gross
William,Graham
Zachary,Hale
Heidi,Johnson
Kevin,Jacobs
Janet,Hodges
Paul,Sanchez
Jackie,Jackson
William,Smith
Alexander,Smith
Mark,Parsons
Colleen,Sanchez
Krista,Harding
James,Johnson
Frank,Franco
Frances,Stanley
Adam,Harris
Dean,Andrade
Mariah,Carrillo
Erin,Washington
Lacey,Lewis
Ashley,Santiago
Nathaniel,Campbell
Joshua,Dorsey
Ann,Ortega
Cathy,Obrien
Stephanie,Evans
Michael,Carter
Kaylee,Rodriguez
Jonathan,Estes
Gary,Eaton
Keith,Conley
Sarah,Luna
Melissa,Jones
Makayla,Davis
Gerald,Moore
Grant,Johnson
Katherine,Craig
Ricky,Henderson
Scott,Harris
Elizabeth,Wallace
Steven,Garcia
Jody,Phelps
Jason,Campbell
Megan,Kaufman
Michael,Manning
Ryan,Soto
Rebecca,Cook
Lauren,Turner
Christopher,Norton
Krista,Butler
Tracy,Kennedy
Kelly,Butler
Nicholas,Adkins
Sabrina,Perry
Edward,Dixon
Jared,Moran
Brian,Hopkins
David,Waters
Brian,Graham
Mark,Potter
Allen,Patel
Scott,Roberts
Johnny,Willis
Casey,Hooper
Michelle,Robinson
Anthony,Bennett
Emily,Adkins
Jimmy,Williams
Jason,Walter
Derek,Green
Bryan,Gay
Theresa,Johnson
Michael,Lyons
Shelly,Mitchell
Michelle,Williams
Lori,Freeman
George,Martin
Victor,Guerra
April,Thomas
Levi,Weeks
Sandra,Johnson
Madison,Moon
Kayla,White
Sean,Lewis
Krystal,Willis
John,Stone
Cindy,Johnson
Joel,Wall
Courtney,Spears
Christopher,Williams
Miguel,Hall
Tonya,Johnson
Thomas,Hebert
Melanie,Fowler
Amber,Carroll
Emily,Mccormick
Stephen,Bradley
Sheryl,Klein
Mary,Frost
Susan,Grimes
Brian,Cortez
Christopher,Allen
Anne,Torres
Zachary,Anderson
Christopher,Hodge
Renee,Bolton
Heather,Roth
Edward,Terry
Melissa,White
Jason,Duncan
Deanna,Hughes
Adam,George
Deanna,Roth
Adam,Hughes
